,City,Country,Lat,Lng,Max Temp,Humidity,Cloudiness,Wind Speed,Current Description
0,Vao,NC,-22.6667,167.4833,70.23,65,99,15.88,overcast clouds
1,Carnarvon,AU,-24.8667,113.6333,65.59,64,0,11.63,clear sky
2,Lamu,KE,-2.2717,40.902,79.02,77,1,18.16,light rain
3,Thompson,CA,55.7435,-97.8558,60.96,88,100,10.36,overcast clouds
4,Kodinsk,RU,58.6881,99.1844,55.44,89,9,2.91,clear sky
5,Ribeira Grande,PT,38.5167,-28.7,64.76,87,57,20.51,broken clouds
6,Daru,PG,-9.0763,143.2092,76.95,90,100,17.78,moderate rain
7,Collie,AU,-33.3667,116.15,54.28,94,88,3.53,overcast clouds
8,Port Hedland,AU,-20.3167,118.5667,59.05,67,0,8.05,clear sky
9,Reitz,ZA,-27.8014,28.4273,44.24,88,0,8.23,clear sky
10,Mahebourg,MU,-20.4081,57.7,70.09,68,75,11.5,broken clouds
11,Avarua,CK,-21.2078,-159.775,82.45,78,75,10.36,broken clouds
12,Mataura,NZ,-46.1927,168.8643,32.49,90,5,2.48,clear sky
13,Upernavik,GL,72.7868,-56.1549,34.07,89,6,11.52,clear sky
14,Bluff,NZ,-46.6,168.3333,32.81,86,5,6.11,clear sky
15,Ponta Do Sol,PT,32.6667,-17.1,66.83,59,53,7.29,broken clouds
16,Hailar,CN,49.2,119.7,62.69,63,3,14.72,clear sky
17,Albany,US,42.6001,-73.9662,79.63,36,51,1.01,broken clouds
18,Ushuaia,AR,-54.8,-68.3,31.66,80,75,21.85,light snow
19,Hirara,JP,24.8,125.2833,82.67,89,40,10.36,scattered clouds
20,Ketchikan,US,55.3422,-131.6461,55.87,76,75,13.8,broken clouds
21,Busselton,AU,-33.65,115.3333,60.94,73,100,8.41,overcast clouds
22,Leshukonskoye,RU,64.8989,45.7622,45.14,98,100,6.22,overcast clouds
23,Hithadhoo,MV,-0.6,73.0833,83.57,71,33,11.45,scattered clouds
24,Port Hueneme,US,34.1478,-119.1951,100.51,38,0,14.97,clear sky
25,Maungatapere,NZ,-35.75,174.2,49.8,85,100,7.52,overcast clouds
26,Alyangula,AU,-13.8483,136.4192,73.15,79,99,12.3,overcast clouds
27,Buala,SB,-8.145,159.5921,82.33,74,86,3.27,overcast clouds
28,Almaznyy,RU,48.0448,40.045,67.24,58,0,4.29,clear sky
29,Songjianghe,CN,42.1859,127.479,65.3,84,100,4.99,overcast clouds
30,Lebu,CL,-37.6167,-73.65,48.81,88,100,11.74,overcast clouds
31,East London,ZA,-33.0153,27.9116,62.19,83,16,12.88,few clouds
32,Isangel,VU,-19.55,169.2667,75.31,73,20,4.61,few clouds
33,Port Alfred,ZA,-33.5906,26.891,61.18,87,42,1.99,scattered clouds
34,Banda Aceh,ID,5.5577,95.3222,78.21,86,98,10.29,moderate rain
35,New Norfolk,AU,-42.7826,147.0587,51.3,84,100,2.17,light rain
36,Sola,VU,-13.8833,167.55,80.2,74,27,12.82,scattered clouds
37,Provideniya,RU,64.3833,-173.3,39.36,100,100,8.99,fog
38,Kapaa,US,22.0752,-159.319,82.38,78,100,12.66,overcast clouds
39,Tomatlan,MX,19.9333,-105.25,88.34,57,96,9.33,overcast clouds
40,Komatipoort,ZA,-25.4332,31.9548,63.23,84,98,4.34,overcast clouds
41,Namatanai,PG,-3.6667,152.4333,81.77,70,75,5.86,broken clouds
42,Arraial Do Cabo,BR,-22.9661,-42.0278,71.46,83,0,14.97,clear sky
43,Sur,OM,22.5667,59.5289,89.49,56,0,10.4,clear sky
44,Bredasdorp,ZA,-34.5322,20.0403,52.16,90,17,3.67,few clouds
45,Vaini,TO,-21.2,-175.2,80.76,83,20,12.66,few clouds
46,Beringovskiy,RU,63.05,179.3167,49.15,72,30,14.47,scattered clouds
47,Reidsville,US,36.3549,-79.6645,79.48,33,0,0.0,clear sky
48,Dikson,RU,73.5069,80.5464,35.01,99,95,5.21,overcast clouds
49,Barra Do Corda,BR,-5.5,-45.25,76.82,70,35,3.71,scattered clouds
50,Kaitangata,NZ,-46.2817,169.8464,39.27,91,35,3.09,scattered clouds
51,Cherskiy,RU,68.75,161.3,37.04,90,100,15.93,overcast clouds
52,Abapo,BO,-18.8333,-63.4667,72.79,51,9,8.63,clear sky
53,Mucurapo,TT,10.6667,-61.5333,78.03,91,100,9.55,overcast clouds
54,Mayo,US,38.8876,-76.5119,83.35,39,0,9.22,clear sky
55,Rutland,US,43.6167,-73.0162,73.8,37,0,5.75,clear sky
56,Coahuayana,MX,18.7333,-103.6833,89.46,57,94,7.14,overcast clouds
57,Punta Arenas,CL,-53.15,-70.9167,30.31,74,20,5.75,few clouds
58,Rikitea,PF,-23.1203,-134.9692,70.52,59,85,11.88,overcast clouds
59,Torbay,CA,47.6666,-52.7314,57.97,92,100,9.22,overcast clouds
60,Katherine,AU,-14.4667,132.2667,62.92,82,98,6.91,overcast clouds
61,Barrow,US,71.2906,-156.7887,64.42,55,0,12.66,clear sky
62,Sitka,US,57.0531,-135.33,55.29,82,100,5.75,overcast clouds
63,Russell,US,32.3502,-85.1999,94.96,23,43,3.85,scattered clouds
64,Wells,GB,51.2079,-2.649,61.2,77,7,3.09,clear sky
65,Lagoa,PT,39.05,-27.9833,64.53,85,85,18.75,overcast clouds
66,Esil,KZ,51.9556,66.4042,63.5,70,22,8.5,few clouds
67,Tasiilaq,GL,65.6145,-37.6368,41.16,67,94,1.77,overcast clouds
68,Ilhabela,BR,-23.7781,-45.3581,66.56,91,59,2.42,broken clouds
69,Saskylakh,RU,71.9167,114.0833,56.12,47,99,3.8,overcast clouds
70,Korla,CN,41.7597,86.1469,72.32,35,81,7.09,broken clouds
71,Atuona,PF,-9.8,-139.0333,78.08,80,12,24.18,few clouds
72,Svetlaya,RU,46.5389,138.3297,53.64,92,100,2.57,overcast clouds
73,Vrede,ZA,-27.4257,29.1659,43.07,95,1,6.33,clear sky
74,Mackenzie,CA,55.2999,-123.1698,68.22,45,75,9.22,broken clouds
75,Tiksi,RU,71.6872,128.8694,39.31,60,98,4.7,overcast clouds
76,Hals,DK,56.9961,10.3081,55.36,83,12,9.06,few clouds
77,Fortuna,US,40.5982,-124.1573,73.85,61,0,4.0,clear sky
78,Moron,AR,-34.6534,-58.6198,54.0,66,100,4.65,overcast clouds
79,Lata,PT,40.1629,-8.3327,56.91,95,24,1.07,few clouds
80,Nelson,NZ,-41.2833,173.2833,39.29,89,45,1.99,scattered clouds
81,Puerto Ayora,EC,-0.7393,-90.3518,75.16,97,61,8.01,broken clouds
82,Nikolskoye,RU,59.7035,30.7861,53.8,86,99,3.4,overcast clouds
83,Kahului,US,20.8947,-156.47,87.82,45,20,24.16,few clouds
84,Pisco,PE,-13.7,-76.2167,66.25,68,0,13.8,clear sky
85,Quatre Cocos,MU,-20.2078,57.7625,69.91,59,58,16.31,broken clouds
86,Half Moon Bay,US,37.4636,-122.4286,92.05,38,0,21.85,clear sky
87,Yellowknife,CA,62.456,-114.3525,72.12,24,20,6.91,few clouds
88,Nabire,ID,-3.3667,135.4833,75.43,88,46,2.44,scattered clouds
89,Elizabeth City,US,36.2946,-76.2511,82.42,48,0,8.05,clear sky
90,Hermanus,ZA,-34.4187,19.2345,54.81,86,7,9.19,clear sky
91,Tanabe,JP,33.7333,135.3667,73.92,90,100,3.09,moderate rain
92,Severo-Kurilsk,RU,50.6789,156.125,48.15,92,100,10.54,overcast clouds
93,Mar Del Plata,AR,-38.0023,-57.5575,53.1,70,0,8.05,clear sky
94,Cidreira,BR,-30.1811,-50.2056,57.7,76,2,8.39,clear sky
95,Vila Franca Do Campo,PT,37.7167,-25.4333,66.2,80,30,11.39,scattered clouds
96,Pilar,BR,-9.5972,-35.9567,73.33,92,8,2.71,clear sky
97,Ixtapa,MX,20.7,-105.2,85.23,74,75,12.66,broken clouds
98,Saint-Philippe,RE,-21.3585,55.7679,63.99,68,88,9.51,overcast clouds
99,Warud,IN,21.4667,78.2667,77.86,80,100,4.27,overcast clouds
100,Zhigansk,RU,66.7697,123.3711,46.06,47,0,21.85,clear sky
101,Lucapa,AO,-8.4192,20.7447,67.6,43,5,0.58,clear sky
102,Bambanglipuro,ID,-7.95,110.2833,75.69,89,60,5.14,broken clouds
103,Hualmay,PE,-11.0964,-77.6139,65.14,74,48,14.2,scattered clouds
104,Tuktoyaktuk,CA,69.4541,-133.0374,35.6,87,40,12.66,scattered clouds
105,Qaanaaq,GL,77.484,-69.3632,37.44,78,99,2.89,overcast clouds
106,Baoying,CN,33.2292,119.3092,72.82,92,10,6.42,clear sky
107,Vila Velha,BR,-20.3297,-40.2925,70.95,87,0,3.44,clear sky
108,La Ronge,CA,55.1001,-105.2842,61.05,82,75,11.5,broken clouds
109,Jinxiang,CN,27.4327,120.6062,75.38,94,100,8.19,overcast clouds
110,Kavieng,PG,-2.5744,150.7967,81.41,77,87,7.67,light rain
111,Samarai,PG,-10.6167,150.6667,81.12,78,55,13.78,broken clouds
112,Shingu,JP,33.7333,135.9833,71.49,95,100,3.67,light rain
113,Pelym,RU,61.0108,61.9978,57.88,92,73,5.23,light rain
114,Bang Lamung,TH,13.047,100.9289,85.08,64,85,4.18,overcast clouds
115,Tawang,IN,27.5833,91.8667,53.78,92,86,1.72,overcast clouds
116,Vardo,NO,70.3705,31.1107,42.78,93,98,10.36,overcast clouds
117,Castro,BR,-24.7911,-50.0119,57.04,93,69,2.19,broken clouds
118,Bilibino,RU,68.0546,166.4372,44.37,78,100,14.16,overcast clouds
119,Zamora,EC,-4.0692,-78.9567,81.64,81,99,3.4,light rain
120,Hay River,CA,60.8156,-115.7999,64.38,48,20,14.97,few clouds
121,Kushmurun,KZ,52.4503,64.6311,61.84,75,13,9.73,few clouds
122,Torrington,US,41.8007,-73.1212,77.52,42,28,7.34,scattered clouds
123,Ahipara,NZ,-35.1667,173.1667,53.87,76,100,13.06,overcast clouds
124,Zholymbet,KZ,51.7433,71.7122,63.93,82,84,6.8,broken clouds
125,Atar,MR,20.5169,-13.0499,78.58,71,100,5.86,overcast clouds
126,Boueni,YT,-12.9025,45.0761,76.98,68,1,17.85,light rain
127,Kodiak,US,57.79,-152.4072,53.11,82,100,5.75,light rain
128,Hobart,AU,-42.8794,147.3294,51.66,85,0,3.44,clear sky
129,Mbanza-Ngungu,CD,-5.25,14.8667,67.64,74,39,5.06,scattered clouds
130,Sompeta,IN,18.9333,84.6,80.83,85,100,8.86,overcast clouds
131,Otofuke,JP,42.9917,143.2003,61.34,85,7,3.76,clear sky
132,Shenjiamen,CN,29.9576,122.298,73.29,93,100,7.54,overcast clouds
133,San Isidro,PE,-12.1167,-77.05,62.19,77,0,13.8,clear sky
134,Bengkulu,ID,-3.8004,102.2655,74.26,91,88,3.44,overcast clouds
135,Luderitz,NA,-26.6481,15.1594,52.23,84,32,2.64,scattered clouds
136,Norman Wells,CA,65.282,-126.8329,66.24,59,40,19.57,scattered clouds
137,Saint-Joseph,RE,-21.3667,55.6167,62.98,70,67,9.86,broken clouds
138,Lucea,JM,18.451,-78.1736,85.86,75,100,13.65,overcast clouds
139,Kozlovo,RU,56.5167,36.2667,55.31,72,100,2.1,overcast clouds
140,Jamestown,US,42.097,-79.2353,66.02,75,40,9.22,scattered clouds
141,High Level,CA,58.5169,-117.136,73.51,38,40,6.91,scattered clouds
142,Hilo,US,19.7297,-155.09,82.27,83,100,10.36,overcast clouds
143,Hambantota,LK,6.1241,81.1185,79.52,80,99,15.21,overcast clouds
144,Mareeba,AU,-17.0,145.4333,67.48,90,56,2.08,broken clouds
145,Pokrovskoye,RU,47.4157,38.8971,70.72,57,0,5.73,clear sky
146,Yulara,AU,-25.2406,130.9889,52.81,70,0,9.19,clear sky
147,Cabo San Lucas,MX,22.8909,-109.9124,93.61,65,0,9.22,clear sky
148,Roald,NO,62.5833,6.1333,59.16,76,75,11.5,light rain
149,Butaritari,KI,3.0707,172.7902,82.8,69,9,14.45,clear sky
150,Klaksvik,FO,62.2266,-6.589,47.32,94,100,14.92,overcast clouds
151,Chichimila,MX,20.6167,-88.2167,72.27,98,100,5.03,overcast clouds
152,Port Lincoln,AU,-34.7333,135.8667,55.63,72,66,10.25,broken clouds
153,Khatanga,RU,71.9667,102.5,54.1,68,100,9.24,overcast clouds
154,Qasigiannguit,GL,68.8193,-51.1922,35.85,72,100,3.4,overcast clouds
155,Burnie,AU,-41.0667,145.9167,50.94,32,100,5.08,moderate rain
156,Cedar City,US,37.6775,-113.0619,76.39,7,0,8.05,clear sky
157,Port Elizabeth,ZA,-33.918,25.5701,61.32,93,40,12.66,scattered clouds
158,Emba,KZ,48.8264,58.1442,68.25,64,99,13.62,light rain
159,Ahuimanu,US,21.4447,-157.8378,85.71,65,100,17.27,overcast clouds
160,Zabaykalsk,RU,49.6333,117.3167,59.54,68,0,13.87,clear sky
161,Nizhniy Lomov,RU,53.5304,43.6766,53.24,95,72,4.14,broken clouds
162,Bambous Virieux,MU,-20.3428,57.7575,70.05,68,75,11.5,broken clouds
163,Chuy,UY,-33.6971,-53.4616,47.5,69,40,6.6,scattered clouds
164,Yantal,RU,56.8471,105.2542,51.57,98,100,4.83,overcast clouds
165,Lubyany,RU,56.0378,51.4,53.55,72,36,15.82,scattered clouds
166,Barwadih,IN,23.8333,84.1167,80.91,65,84,3.76,broken clouds
167,Cape Town,ZA,-33.9258,18.4232,61.38,75,0,5.01,clear sky
168,Price,US,39.5994,-110.8107,73.11,17,0,10.36,clear sky
169,Lompoc,US,34.6391,-120.4579,88.79,62,0,25.01,clear sky
170,Mount Gambier,AU,-37.8333,140.7667,44.02,95,24,5.39,few clouds
171,Bonavista,CA,48.6499,-53.1147,51.08,99,100,13.87,overcast clouds
172,Hasaki,JP,35.7333,140.8333,73.8,87,100,3.36,overcast clouds
173,Bassar,TG,9.25,0.7833,71.26,95,100,4.65,light rain
174,Honiara,SB,-9.4333,159.95,81.03,79,74,3.74,broken clouds
175,Chapais,CA,49.7834,-74.8492,72.19,25,94,3.09,overcast clouds
176,Carandai,BR,-20.9536,-43.8064,59.04,86,31,5.35,scattered clouds
177,Cocorit,MX,27.5833,-109.9667,95.34,28,5,8.37,clear sky
178,Awbari,LY,26.5921,12.7805,88.57,14,0,9.04,clear sky
179,Elko,US,41.0002,-115.5012,69.64,21,15,5.01,few clouds
180,Nanortalik,GL,60.1432,-45.2371,39.52,98,100,8.72,light rain
181,Constitucion,CL,-35.3333,-72.4167,51.82,76,100,6.89,overcast clouds
182,Tongren,CN,27.7172,109.1853,74.39,99,99,1.39,overcast clouds
183,Portree,GB,57.4129,-6.1942,52.52,97,100,8.95,overcast clouds
184,Saint-Leu,RE,-21.15,55.2833,63.46,69,32,14.54,scattered clouds
185,Sakakah,SA,29.9697,40.2064,94.57,12,0,12.01,clear sky
186,Dingle,PH,10.9995,122.6711,77.32,88,100,0.63,moderate rain
187,Victoria,HK,22.2855,114.1577,84.38,86,100,15.01,overcast clouds
188,Esperance,AU,-33.8667,121.9,55.27,84,1,11.9,clear sky
189,Mehamn,NO,71.0357,27.8492,49.95,71,100,11.5,overcast clouds
190,Leningradskiy,RU,69.3833,178.4167,52.41,58,90,5.44,overcast clouds
191,Vieste,IT,41.8825,16.175,76.35,62,0,7.52,clear sky
192,Georgetown,MY,5.4112,100.3354,76.95,100,40,2.3,scattered clouds
193,Manthani,IN,18.65,79.6667,75.25,96,100,14.88,heavy intensity rain
194,Sabang,ID,5.8933,95.3214,81.55,77,99,15.01,overcast clouds
195,Berlevag,NO,70.8578,29.0864,50.0,71,100,13.8,overcast clouds
196,Matsusaka,JP,34.5667,136.5333,75.09,91,100,2.06,light rain
197,The Valley,AI,18.217,-63.0578,84.06,74,20,11.5,few clouds
198,Kendal,GB,54.3268,-2.7476,53.58,85,29,4.18,scattered clouds
199,Sijunjung,ID,-0.6876,100.9537,69.12,97,66,1.95,broken clouds
200,Ibra,OM,22.6906,58.5334,84.54,54,1,0.69,clear sky
201,Margate,GB,51.3813,1.3862,56.3,83,10,3.0,clear sky
202,Litovko,RU,49.2361,135.1742,60.71,88,100,4.61,light rain
203,Taoudenni,ML,22.6783,-3.9836,99.73,21,8,10.38,clear sky
204,Saint-Denis,FR,48.9167,2.3333,67.08,67,0,11.5,clear sky
205,Mitsamiouli,KM,-11.3847,43.2844,77.68,71,0,5.44,clear sky
206,Bethel,US,41.3712,-73.414,79.02,42,0,6.91,clear sky
207,Muereasca,RO,45.1833,24.3333,63.34,77,0,4.36,clear sky
208,Perth,AU,-31.9333,115.8333,59.09,97,75,4.61,broken clouds
209,Bolkhov,RU,53.4433,36.0044,59.76,98,84,2.51,broken clouds
210,Miri,MY,4.4148,114.0089,73.54,94,40,0.0,scattered clouds
211,Sao Miguel Do Araguaia,BR,-13.275,-50.1628,78.8,31,4,4.18,clear sky
212,Alofi,NU,-19.0595,-169.9187,82.29,78,75,8.05,broken clouds
213,Kapit,MY,2.0167,112.9333,71.08,99,100,0.72,overcast clouds
214,Nouadhibou,MR,20.931,-17.0347,73.38,94,75,8.05,broken clouds
215,Nzerekore,GN,7.7562,-8.8179,69.67,98,99,0.31,light rain
216,Churapcha,RU,62.0025,132.4325,68.88,61,100,5.12,overcast clouds
217,Ambon,ID,-3.6954,128.1814,73.54,94,40,1.14,scattered clouds
218,Tuatapere,NZ,-46.1333,167.6833,39.27,80,1,4.72,clear sky
219,Muroto,JP,33.2833,134.15,72.28,97,100,5.59,moderate rain
220,Taltal,CL,-25.4,-70.4833,54.7,83,26,1.05,scattered clouds
221,Malangali,TZ,-8.5667,34.85,57.29,64,1,12.21,clear sky
222,Alekseyevsk,RU,57.8406,108.3492,50.52,99,100,6.11,light rain
223,Freeport,US,40.6576,-73.5832,82.38,36,0,13.8,clear sky
224,Tabou,CI,4.423,-7.3528,75.97,89,100,6.04,moderate rain
225,Hohhot,CN,40.8106,111.6522,75.49,38,40,4.47,light rain
226,Manaus,BR,-3.1019,-60.025,81.09,83,40,2.3,scattered clouds
227,Port Augusta,AU,-32.5,137.7667,47.64,82,100,2.37,overcast clouds
228,Narsaq,GL,60.9167,-46.05,46.62,98,100,5.3,light rain
229,Mayumba,GA,-3.432,10.6554,70.07,91,10,7.67,clear sky
230,Saint-Pierre,RE,-21.3393,55.4781,64.08,77,0,8.05,clear sky
231,Gigmoto,PH,13.7796,124.39,80.98,82,45,3.85,moderate rain
232,Kenai,US,60.5544,-151.2583,65.03,66,40,9.22,scattered clouds
233,Chastyye,RU,57.2888,54.9728,52.48,96,100,14.47,overcast clouds
234,Sao Filipe,CV,14.8961,-24.4956,73.94,92,89,7.87,light rain
235,Caravelas,BR,-17.7125,-39.2481,70.14,87,44,5.35,scattered clouds
236,Balabac,PH,7.9868,117.0645,79.9,80,79,1.52,light rain
237,Ancud,CL,-41.8697,-73.8203,40.23,79,99,6.85,overcast clouds
238,Channel-Port Aux Basques,CA,47.5702,-59.1367,52.61,97,99,12.37,overcast clouds
239,Cuamba,MZ,-14.8031,36.5372,59.23,91,5,6.46,clear sky
240,Kihei,US,20.785,-156.4656,87.82,45,20,24.16,few clouds
241,Piacabucu,BR,-10.4056,-36.4344,74.68,87,5,7.56,clear sky
242,Mount Isa,AU,-20.7333,139.5,58.77,63,100,6.91,overcast clouds
243,Estelle,US,29.8458,-90.1067,95.0,55,40,10.36,scattered clouds
244,Vanimo,PG,-2.6741,141.3028,78.1,83,65,3.22,broken clouds
245,Yangambi,CD,0.8102,24.4336,68.83,97,80,2.59,broken clouds
246,Bubaque,GW,11.2833,-15.8333,80.1,78,69,9.33,broken clouds
247,Pevek,RU,69.7008,170.3133,33.53,97,100,8.68,light snow
248,Inhambane,MZ,-23.865,35.3833,66.18,78,16,8.16,few clouds
249,Kangaatsiaq,GL,68.3065,-53.4641,35.69,86,100,11.77,overcast clouds
250,Skoghall,SE,59.3232,13.4655,55.96,71,94,5.75,overcast clouds
251,Arlit,NE,18.7369,7.3853,95.88,12,6,8.75,clear sky
252,Prince Rupert,CA,54.3161,-130.3201,53.69,94,100,3.44,light rain
253,Livingston,GB,55.9029,-3.5226,58.21,62,40,9.22,scattered clouds
254,Gumdag,TM,39.2061,54.5906,81.59,20,91,8.12,overcast clouds
255,Dhidhdhoo,MV,6.8833,73.1,82.99,73,100,17.25,overcast clouds
256,Gold Coast,AU,-28.0,153.4333,62.19,87,1,4.61,clear sky
257,Luena,AO,-11.7833,19.9167,55.29,49,7,1.5,clear sky
258,Alto Araguaia,BR,-17.3147,-53.2153,73.04,50,4,1.32,clear sky
259,Shalyhyne,UA,51.5717,34.1217,64.18,82,1,7.72,clear sky
260,Brainerd,US,46.358,-94.2008,98.38,36,0,20.71,clear sky
261,Rio Gallegos,AR,-51.6226,-69.2181,32.05,86,40,11.5,scattered clouds
262,Mamallapuram,IN,12.6264,80.1722,78.85,72,99,10.8,overcast clouds
263,Celestun,MX,20.8667,-90.4,79.5,83,100,18.23,overcast clouds
264,Adrar,MR,20.5022,-10.0711,78.48,69,90,13.62,overcast clouds
265,Terrasini,IT,38.146,13.0844,77.61,50,0,5.75,clear sky
266,Grand Bank,CA,47.0999,-55.765,54.99,98,100,3.62,overcast clouds
267,Poole,GB,50.7167,-2.0,56.98,84,0,1.14,clear sky
268,Portales,US,34.1862,-103.3344,72.59,20,73,16.73,broken clouds
269,Komsomolskiy,UZ,40.4272,71.7189,68.72,56,100,4.61,light rain
270,Alenquer,BR,-1.9417,-54.7383,77.95,83,100,4.68,overcast clouds
271,Vostok,RU,46.4856,135.8833,53.91,98,100,4.03,light rain
272,Lorengau,PG,-2.0226,147.2712,81.3,77,65,4.36,broken clouds
273,Samoylovka,RU,51.184,43.7081,65.88,94,93,7.67,overcast clouds
274,Dzaoudzi,YT,-12.7887,45.2699,76.89,83,0,5.75,clear sky
275,Vila,PT,42.0304,-8.1588,47.7,90,64,3.47,broken clouds
276,Marawi,PH,7.9986,124.2928,69.21,92,99,2.46,light rain
277,Auki,SB,-8.7676,160.7034,80.53,81,72,3.0,broken clouds
278,Faanui,PF,-16.4833,-151.75,80.62,74,85,14.14,overcast clouds
279,Flinders,AU,-34.5833,150.8552,54.37,91,82,4.0,broken clouds
280,Camacha,PT,33.0833,-16.3333,62.02,68,20,9.22,few clouds
281,Haines Junction,CA,60.7522,-137.5108,58.95,41,99,6.91,overcast clouds
282,Chokurdakh,RU,70.6333,147.9167,41.38,50,16,8.81,few clouds
283,Viedma,AR,-40.8135,-62.9967,43.38,60,91,9.26,overcast clouds
284,Cairns,AU,-16.9167,145.7667,72.1,84,69,10.36,broken clouds
285,Martapura,ID,-3.4167,114.85,75.29,100,75,1.14,broken clouds
286,Virginia Beach,US,36.8529,-75.978,82.02,39,40,8.05,scattered clouds
287,Mishelevka,RU,52.8575,103.1719,57.13,91,35,2.68,scattered clouds
288,Petropavlovsk-Kamchatskiy,RU,53.0452,158.6483,55.99,82,75,4.47,broken clouds
289,Alice Springs,AU,-23.7,133.8833,42.35,87,0,6.91,clear sky
290,Dalvik,IS,65.9702,-18.5286,49.93,75,86,2.95,overcast clouds
291,Waingapu,ID,-9.6567,120.2641,73.58,76,67,8.43,broken clouds
292,Mizdah,LY,31.4451,12.9801,72.39,61,0,15.84,clear sky
293,Kiama,AU,-34.6833,150.8667,54.57,93,76,4.99,broken clouds
294,Kruisfontein,ZA,-34.0033,24.7314,50.88,87,76,4.34,broken clouds
295,Saint George,US,37.1041,-113.5841,90.79,8,0,5.01,clear sky
296,Praia Da Vitoria,PT,38.7333,-27.0667,66.76,88,75,16.84,broken clouds
297,Dunedin,NZ,-45.8742,170.5036,42.8,81,80,3.0,broken clouds
298,La Plata,AR,-34.9215,-57.9545,53.02,59,100,5.93,overcast clouds
299,Souillac,MU,-20.5167,57.5167,70.18,68,75,11.5,broken clouds
300,Gambela,ET,8.25,34.5833,70.23,88,100,1.86,light rain
301,Wilmington,US,34.2257,-77.9447,84.11,33,0,10.36,clear sky
302,Kahramanmaras,TR,38.0,37.0,66.29,67,0,2.75,clear sky
303,Minab,IR,27.1467,57.0801,89.92,62,53,2.3,broken clouds
304,Port Moresby,PG,-9.4431,147.1797,74.62,94,40,11.5,scattered clouds
305,Baker City,US,44.7749,-117.8344,66.6,51,40,4.61,scattered clouds
306,Katangli,RU,51.7102,143.2326,50.38,85,93,9.8,overcast clouds
307,Moyale,KE,3.5167,39.0584,66.31,75,87,4.9,light rain
308,Juba,SS,4.8517,31.5825,70.5,80,99,2.57,overcast clouds
309,Rawson,AR,-43.3002,-65.1023,42.49,51,4,15.7,clear sky
310,Clyde River,CA,70.4692,-68.5914,35.83,93,0,6.91,clear sky
311,Ruwi,OM,23.5996,58.5507,91.09,48,1,4.68,clear sky
312,La Paz,BO,-16.5,-68.15,53.58,32,40,10.36,scattered clouds
313,Yilan,TW,24.757,121.753,84.02,81,97,3.98,overcast clouds
314,Sangar,RU,63.9242,127.4739,55.74,77,100,3.36,overcast clouds
315,Nome,US,64.5011,-165.4064,60.12,66,0,10.36,clear sky
316,Bathsheba,BB,13.2167,-59.5167,83.01,74,20,18.41,few clouds
317,Byron Bay,AU,-28.65,153.6167,55.94,86,13,6.89,few clouds
318,Roma,US,43.2128,-75.4557,73.81,41,51,5.01,broken clouds
319,College,US,64.8569,-147.8028,70.59,68,75,6.91,light rain
320,Lanzhou,CN,36.0564,103.7922,66.36,75,100,4.52,overcast clouds
321,Sao Joao Da Barra,BR,-21.6403,-41.0511,70.77,83,15,11.74,few clouds
322,Lahore,PK,31.5497,74.3436,67.98,88,100,6.91,smoke
323,Kaeo,NZ,-35.1,173.7833,51.33,89,100,15.82,overcast clouds
324,Tevaitoa,PF,-16.7833,-151.5,80.44,75,56,15.28,broken clouds
325,Svetlyy,RU,54.675,20.1347,55.45,86,99,3.74,overcast clouds
326,Colonial Park,US,40.3006,-76.8097,81.01,32,75,8.05,broken clouds
327,Tuy Hoa,VN,13.0833,109.3,74.73,81,60,6.58,broken clouds
328,Port Hardy,CA,50.6996,-127.4199,60.98,77,75,8.05,broken clouds
329,Bay Roberts,CA,47.5999,-53.2648,58.75,98,100,9.08,light rain
330,Grindavik,IS,63.8424,-22.4338,49.95,81,0,6.91,clear sky
331,Fredericksburg,US,38.3032,-77.4605,80.55,39,0,5.75,clear sky
332,Poienari,RO,45.2167,25.05,60.33,76,1,4.38,clear sky
333,Raga,SS,8.4596,25.678,67.46,89,74,4.34,broken clouds
334,Manado,ID,1.487,124.8455,74.17,94,20,2.3,few clouds
335,Chumikan,RU,54.7183,135.315,43.56,88,61,6.17,broken clouds
336,Ibipeba,BR,-11.6408,-42.0111,69.1,66,14,10.6,few clouds
337,Aksu,CN,41.1231,80.2644,69.04,38,4,3.36,clear sky
338,Austintown,US,41.1017,-80.7645,72.12,59,100,9.22,overcast clouds
339,Yala,TH,6.3333,101.25,72.97,96,99,2.62,overcast clouds
340,Trincomalee,LK,8.5711,81.2335,80.67,78,100,21.3,overcast clouds
341,Salalah,OM,17.0151,54.0924,84.29,89,75,10.36,broken clouds
342,Kamenka,RU,51.3223,42.7678,65.46,94,23,7.72,few clouds
343,Baracoa,CU,20.3467,-74.4958,81.86,74,100,6.8,overcast clouds
344,San Juan De Colon,VE,8.0313,-72.2605,76.59,83,98,4.65,overcast clouds
345,Irece,BR,-11.3042,-41.8558,69.55,65,7,13.49,clear sky
346,Batagay-Alyta,RU,67.8006,130.4114,45.57,53,7,6.49,clear sky
347,Abbeville,FR,50.1,1.8333,55.49,85,16,8.88,few clouds
348,Laureles,US,26.1092,-97.4941,95.14,71,40,12.66,scattered clouds
349,Banfora,BF,10.6333,-4.7667,78.62,73,33,4.03,light rain
350,Gulmarg,IN,34.049,74.3921,44.89,79,100,1.25,overcast clouds
351,Visby,SE,57.6409,18.296,53.82,94,100,5.75,overcast clouds
352,Fomboni,KM,-12.28,43.7425,79.36,70,1,16.04,clear sky
353,Laguna,US,38.421,-121.4238,95.09,18,0,12.66,clear sky
354,Ambilobe,MG,-13.2,49.05,65.52,85,5,4.25,clear sky
355,Tabuk,PH,17.4189,121.4443,75.11,92,100,3.67,overcast clouds
356,Geraldton,AU,-28.7667,114.6,50.41,93,0,2.3,clear sky
357,Nelson Bay,AU,-32.7167,152.15,49.1,99,81,5.5,broken clouds
358,Marsabit,KE,2.3284,37.9899,65.66,64,70,20.92,broken clouds
359,Safaga,EG,26.7292,33.9365,87.35,30,0,18.79,clear sky
360,Iskateley,RU,67.6803,53.1512,44.44,84,84,11.52,broken clouds
361,Lethem,GY,3.3803,-59.7968,77.5,85,82,1.32,broken clouds
362,Prado,BR,-17.3411,-39.2208,71.42,85,14,6.69,few clouds
363,Saint-Louis,SN,16.3333,-15.0,82.04,63,98,4.54,overcast clouds
364,Pimenta Bueno,BR,-11.6725,-61.1936,77.23,68,36,3.6,scattered clouds
365,Erenhot,CN,43.6475,111.9767,73.02,29,100,8.16,overcast clouds
366,Singkang,MY,2.1006,102.7994,73.56,93,33,0.56,light rain
367,Ubajara,BR,-3.8544,-40.9211,70.47,65,59,4.09,broken clouds
368,Derzhavinsk,KZ,51.1,66.3167,64.92,66,47,9.26,scattered clouds
369,Krasnoselkup,RU,65.7,82.4667,66.22,54,100,8.55,overcast clouds
370,Taiyuan,CN,37.8694,112.5603,75.06,50,0,2.24,clear sky
371,Goderich,CA,43.7501,-81.7165,64.72,80,100,11.95,overcast clouds
372,Ayan,RU,56.45,138.1667,47.23,87,27,2.13,scattered clouds
373,Maple Creek,CA,49.9168,-109.4848,64.45,72,100,11.5,overcast clouds
374,Shimoda,JP,34.6667,138.95,76.1,92,100,2.42,light rain
375,Manturovo,RU,58.3353,44.7619,47.37,96,10,6.71,clear sky
376,Vada,NL,51.97,5.6667,55.49,88,0,3.44,clear sky
377,Saldanha,ZA,-33.0117,17.9442,55.45,69,90,10.98,overcast clouds
378,Mbalmayo,CM,3.5167,11.5,63.64,97,96,0.34,overcast clouds
379,Whithorn,JM,18.2604,-78.0378,83.46,68,100,0.72,light rain
380,Valparaiso,CL,-33.0393,-71.6273,55.63,86,100,9.22,overcast clouds
381,Trairi,BR,-3.2778,-39.2689,77.9,80,17,9.15,few clouds
382,Plettenberg Bay,ZA,-34.0527,23.3716,57.85,73,73,4.54,broken clouds
383,Hearst,CA,49.6835,-83.6665,77.25,82,100,9.6,overcast clouds
384,Marysville,US,48.0518,-122.1771,68.0,68,100,5.75,overcast clouds
385,Buraydah,SA,26.326,43.975,91.85,10,2,9.31,clear sky
386,Sao Francisco,BR,-15.9486,-44.8644,73.67,40,0,5.01,light rain
387,Mangrol,IN,21.1167,70.1167,84.04,78,97,16.98,overcast clouds
388,Mataram,ID,-8.5833,116.1167,72.41,80,52,7.56,broken clouds
389,Desaguadero,PE,-16.5656,-69.0417,49.35,41,44,9.84,scattered clouds
390,Axim,GH,4.8699,-2.2405,76.26,90,63,7.74,broken clouds
391,Kimbe,PG,-5.5502,150.1429,76.96,91,95,2.68,overcast clouds
392,Kalmunai,LK,7.4167,81.8167,79.95,78,100,4.83,overcast clouds
393,Marshall,US,34.3834,-86.3333,92.32,40,0,4.61,clear sky
394,Xinxiang,CN,35.3089,113.8672,84.49,42,90,4.09,overcast clouds
395,Basirpur,PK,30.5832,73.829,79.07,63,99,9.55,overcast clouds
396,Taksimo,RU,56.3444,114.8794,57.7,88,100,0.94,light rain
397,Port-Cartier,CA,50.0334,-66.8654,52.02,67,38,8.46,scattered clouds
398,Pyapon,MM,16.2833,95.6833,77.36,88,98,3.65,overcast clouds
399,Usinsk,RU,65.9939,57.5281,54.45,82,41,12.97,light rain
400,Pandan,PH,14.0453,124.1694,79.84,85,40,5.1,light rain
401,Pimentel,PE,-6.8367,-79.9342,64.69,72,0,23.02,clear sky
402,Paamiut,GL,61.994,-49.6678,37.76,89,100,2.04,overcast clouds
403,Griffith,US,41.5284,-87.4237,96.73,28,0,13.8,clear sky
404,Mzimba,MW,-11.9,33.6,53.6,74,1,7.92,clear sky
405,Srandakan,ID,-7.9386,110.2506,75.83,89,61,5.08,broken clouds
406,Airai,TL,-8.9266,125.4092,56.95,90,100,3.06,light rain
407,Camana,PE,-16.6228,-72.7111,61.32,85,91,8.75,overcast clouds
408,Dinajpur,BD,25.6272,88.6386,77.05,92,100,7.94,overcast clouds
409,Ilebo,CD,-4.3167,20.5833,70.63,93,98,1.25,light rain
410,Opuwo,NA,-18.0607,13.84,43.86,41,0,5.23,clear sky
411,Morant Bay,JM,17.8815,-76.4093,89.71,71,94,11.56,overcast clouds
412,Moerai,PF,-22.4333,-151.3333,77.02,70,100,14.05,overcast clouds
413,Lyuban,BY,52.7985,28.0048,64.24,99,90,6.55,overcast clouds
414,Monrovia,LR,6.3005,-10.7969,78.64,78,100,6.58,light rain
415,Saint-Francois,FR,46.4154,3.9054,74.64,64,0,9.22,clear sky
416,Monze,ZM,-16.2833,27.4833,52.61,51,0,5.06,clear sky
417,Waspan,NI,14.7419,-83.9717,77.77,90,100,6.87,overcast clouds
418,Ilulissat,GL,69.2167,-51.1,35.62,87,75,9.22,broken clouds
419,Payo,ID,-3.7508,103.6372,71.24,96,96,2.35,overcast clouds
420,Grand Gaube,MU,-20.0064,57.6608,70.2,61,19,20.2,few clouds
421,Magnitogorsk,RU,53.4186,59.0472,58.03,82,100,6.71,overcast clouds
422,Payson,US,40.0444,-111.7321,72.37,31,0,6.91,clear sky
423,Coquimbo,CL,-29.9533,-71.3436,55.13,71,75,5.75,broken clouds
424,Codajas,BR,-3.8367,-62.0569,79.79,73,90,0.78,overcast clouds
425,Fort Nelson,CA,58.8053,-122.7002,71.19,49,75,4.61,broken clouds
426,Celica,EC,-4.1167,-79.95,68.0,66,82,4.68,broken clouds
427,Ebbw Vale,GB,51.7771,-3.2079,55.69,83,86,1.77,overcast clouds
428,Rabo De Peixe,PT,37.8,-25.5833,65.28,76,40,14.97,scattered clouds
429,Tiarei,PF,-17.5333,-149.3333,84.22,78,51,14.07,light rain
430,Biloela,AU,-24.4167,150.5,58.21,74,99,5.82,overcast clouds
431,Dawlatabad,AF,36.4141,64.9053,77.07,25,99,2.82,overcast clouds
432,Teyateyaneng,LS,-29.1472,27.7489,47.23,62,0,4.47,clear sky
433,Padang,ID,-0.9492,100.3543,76.77,84,62,3.4,broken clouds
434,Myitkyina,MM,25.3833,97.4,73.85,99,98,0.67,overcast clouds
435,Kenitra,MA,34.261,-6.5802,65.16,72,61,7.29,broken clouds
436,Porto Novo,BJ,6.4965,2.6036,80.42,85,43,7.29,light rain
437,Haimen,CN,23.1935,116.6142,78.69,91,100,6.33,overcast clouds
438,La Macarena,CO,2.1837,-73.7849,70.81,99,100,2.42,overcast clouds
439,Husavik,IS,66.0449,-17.3389,47.82,64,11,5.03,few clouds
440,Bethanien,NA,-26.502,17.1583,41.14,83,0,3.65,clear sky
441,Kutum,SD,14.2,24.6667,80.8,34,98,7.18,overcast clouds
442,Kununurra,AU,-15.7667,128.7333,64.38,59,100,4.61,overcast clouds
443,Timiryazevskiy,RU,56.49,84.8769,57.85,92,31,3.2,scattered clouds
444,Kysyl-Syr,RU,63.8986,122.7617,43.59,87,100,5.53,light rain
445,Kailua,US,21.4022,-157.7394,85.98,66,100,12.66,overcast clouds
446,Katsuura,JP,35.1333,140.3,75.22,92,100,6.24,overcast clouds
447,Belle Fourche,US,44.6714,-103.8522,67.5,81,83,7.31,broken clouds
448,Acarau,BR,-2.8856,-40.12,78.31,82,58,12.93,broken clouds
449,Synya,RU,65.3718,58.0387,53.91,89,28,6.73,scattered clouds
450,Kidal,ML,18.4411,1.4078,92.32,23,21,1.01,few clouds
451,Tarauaca,BR,-8.1614,-70.7656,79.09,68,96,1.79,overcast clouds
452,Takoradi,GH,4.8845,-1.7554,76.23,89,26,8.08,scattered clouds
453,Altdorf,DE,49.3875,11.3572,54.12,74,2,0.92,clear sky
454,Havelock,US,34.8791,-76.9013,82.4,44,75,6.91,broken clouds
455,Illapel,CL,-31.6308,-71.1653,54.59,68,100,5.32,overcast clouds
456,Biak,ID,-0.9131,122.8766,74.64,82,75,7.23,broken clouds
457,Thinadhoo,MV,0.5333,72.9333,82.87,73,37,12.46,scattered clouds
458,Rio Grande,BR,-32.035,-52.0986,49.95,75,79,7.72,broken clouds
459,Krasnovishersk,RU,60.4078,57.082,53.74,97,100,3.49,overcast clouds
460,Northam,GB,51.0333,-4.2167,55.65,81,6,3.36,clear sky
461,Merauke,ID,-8.4667,140.3333,77.09,88,86,13.8,overcast clouds
462,Aklavik,CA,68.2191,-135.0107,54.72,45,100,5.84,overcast clouds
463,Pangoa,PE,-12.1167,-73.0,71.46,92,55,2.01,broken clouds
464,Maarianhamina,AX,60.0973,19.9348,44.46,100,3,2.3,clear sky
465,Maues,BR,-3.3836,-57.7186,77.52,84,81,1.07,broken clouds
466,Vuktyl,RU,63.8567,57.3094,55.04,76,78,5.73,broken clouds
467,Gushikawa,JP,26.3544,127.8686,81.99,89,40,11.5,scattered clouds
468,Sorong,ID,-0.8833,131.25,76.57,87,90,8.01,overcast clouds
469,Iqaluit,CA,63.7506,-68.5145,55.13,37,20,15.01,few clouds
470,Vanavara,RU,60.34,102.2797,51.62,78,6,3.44,clear sky
471,Sancti Spiritus,CU,21.9297,-79.4425,83.25,76,100,10.22,overcast clouds
472,Puerto Boyaca,CO,5.9758,-74.5885,78.98,87,100,0.58,overcast clouds
473,Luangwa,ZM,-15.6167,30.4167,58.19,74,4,4.03,clear sky
474,Fortuna Foothills,US,32.6578,-114.4119,104.22,5,0,9.22,clear sky
475,Egvekinot,RU,66.3167,-179.1667,34.0,98,100,5.82,light snow
476,Aginskoye,RU,51.1,114.53,58.89,66,0,9.98,clear sky
477,Bela,IN,25.9333,81.9833,88.5,50,48,5.23,scattered clouds
478,San Cristobal,VE,7.7669,-72.225,75.38,95,100,3.71,overcast clouds
479,Carballo,ES,43.213,-8.691,59.02,93,42,4.16,scattered clouds
480,Poum,NC,-20.2333,164.0167,72.41,58,30,16.15,scattered clouds
481,Saint-Ambroise,CA,48.5501,-71.3324,70.34,43,5,5.91,clear sky
482,Shelburne,CA,44.0787,-80.2041,69.37,70,100,9.13,overcast clouds
483,Key Biscayne,US,25.6937,-80.1628,87.03,73,75,9.22,thunderstorm
484,Port Antonio,JM,18.18,-76.4612,90.0,68,94,8.34,overcast clouds
485,Naron,ES,43.5167,-8.1528,60.03,92,74,4.38,broken clouds
486,Kirakira,SB,-10.4544,161.9205,81.61,79,70,4.88,broken clouds
487,Kourou,GF,5.1552,-52.6478,82.11,82,36,6.58,scattered clouds
488,Pemangkat,ID,1.1667,108.9667,76.66,91,100,5.1,overcast clouds
489,San Patricio,US,28.017,-97.5169,98.19,38,8,15.82,clear sky
490,Fairbanks,US,64.8378,-147.7164,70.61,67,0,6.91,light rain
491,Raudeberg,NO,61.9875,5.1352,53.96,87,100,27.34,light rain
492,Los Llanos De Aridane,ES,28.6585,-17.9182,66.13,83,100,11.5,overcast clouds
493,Shiyan,CN,32.6475,110.7781,74.34,80,50,1.54,scattered clouds
494,Kedrovyy,RU,56.1667,91.8167,50.41,94,43,2.28,scattered clouds
495,Aksha,RU,50.2814,113.2867,58.35,68,14,3.96,few clouds
496,Saint-Augustin,CA,51.226,-58.6502,51.51,87,99,9.37,overcast clouds
497,Chiredzi,ZW,-21.05,31.6667,59.0,74,0,6.91,clear sky
498,Nouakchott,MR,18.0858,-15.9785,80.53,85,92,9.22,overcast clouds
499,Araouane,ML,18.9048,-3.5265,85.59,44,87,14.34,light rain
500,Marchtrenk,AT,48.1957,14.1185,68.16,80,40,10.36,scattered clouds
501,Namibe,AO,-15.1961,12.1522,60.3,75,0,9.55,clear sky
502,Faya,SA,18.3851,42.4509,70.32,41,99,2.48,overcast clouds
503,Comodoro Rivadavia,AR,-45.8667,-67.5,39.06,70,40,19.57,scattered clouds
504,Banyo,CM,6.75,11.8167,64.6,92,100,0.92,overcast clouds
505,Dunkwa,GH,5.9656,-1.78,72.14,99,100,1.77,overcast clouds
506,Caranavi,BO,-15.8167,-67.55,62.71,96,25,1.86,scattered clouds
507,Machilipatnam,IN,16.1667,81.1333,86.4,69,100,9.4,overcast clouds
508,Lincoln,US,40.8,-96.667,97.12,47,0,23.02,clear sky
509,Nkhotakota,MW,-12.9274,34.2961,64.29,63,1,5.39,clear sky
510,Nigde,TR,37.8333,34.75,62.2,80,2,6.15,clear sky
511,Dolinsk,RU,47.35,142.8,49.35,90,99,5.01,overcast clouds
512,Guerrero Negro,MX,27.9769,-114.0611,76.19,48,0,16.24,clear sky
513,Silivri,TR,41.0802,28.226,69.91,88,0,6.31,clear sky
514,Bembereke,BJ,10.2283,2.6634,72.66,93,83,1.48,light rain
515,Kuala Terengganu,MY,5.3302,103.1408,78.75,94,40,3.44,moderate rain
516,Alekseyevka,RU,50.6309,38.6903,65.26,86,0,7.25,clear sky
517,Durango,MX,24.8333,-104.8333,79.57,31,75,14.23,broken clouds
518,Port Blair,IN,11.6667,92.75,82.08,81,100,9.66,overcast clouds
519,Saint-Paul,RE,-21.0096,55.2707,64.51,73,25,4.68,scattered clouds
520,Marsa Matruh,EG,31.3525,27.2453,73.6,83,0,2.3,clear sky
521,Verkhnevilyuysk,RU,63.4453,120.3167,48.61,56,100,7.47,overcast clouds
522,Dandong,CN,40.1292,124.3947,70.47,95,100,3.29,overcast clouds
523,Astakos,GR,38.5356,21.0814,72.5,73,0,6.69,clear sky
524,Balkanabat,TM,39.5108,54.3671,83.98,20,99,7.52,overcast clouds
525,Juazeiro,BR,-9.4117,-40.4986,77.18,65,0,6.91,light rain
526,Chulman,RU,56.8479,124.9104,60.49,69,100,2.84,overcast clouds
527,Dinguiraye,GN,11.3,-10.7167,72.52,89,98,1.07,light rain
528,Guayaramerin,BO,-10.8368,-65.3614,78.91,64,63,1.92,broken clouds
529,Kavaratti,IN,10.5669,72.642,82.98,75,100,19.73,overcast clouds
530,Urusha,RU,54.05,122.9,56.23,99,100,9.64,moderate rain
531,Perumpavur,IN,10.1333,76.4833,76.91,94,75,2.3,drizzle
532,Moose Factory,CA,51.2585,-80.6094,77.0,53,75,11.5,broken clouds
533,Marienburg,PL,54.0359,19.0266,56.12,97,100,4.03,overcast clouds
534,Bria,CF,6.5423,21.9863,68.38,98,100,3.24,overcast clouds
535,Brigantine,US,39.4101,-74.3646,78.04,53,0,9.22,clear sky
536,Waipawa,NZ,-41.4122,175.5153,45.82,78,95,9.37,overcast clouds
537,Nhulunbuy,AU,-12.2333,136.7667,77.61,78,100,11.5,overcast clouds
538,Bandarbeyla,SO,9.4942,50.8122,76.8,84,25,31.03,scattered clouds
539,Huarmey,PE,-10.0681,-78.1522,66.11,75,80,12.33,broken clouds
540,Bartica,GY,6.4,-58.6167,79.12,96,49,2.93,scattered clouds
541,Kosh-Agach,RU,50.0,88.6667,46.44,73,2,3.47,clear sky
542,Fenoarivo,MG,-18.933,47.4354,55.47,76,75,6.91,broken clouds
543,Madinat Sittah Uktubar,EG,29.8167,31.05,74.8,62,0,12.64,clear sky
544,Bam,IR,29.106,58.357,82.71,19,0,14.07,clear sky
545,Humberto De Campos,BR,-2.5983,-43.4611,77.36,84,70,5.1,broken clouds
546,Puri,IN,19.8,85.85,77.52,82,100,17.22,overcast clouds
547,Zavitinsk,RU,50.1167,129.45,59.7,96,100,19.82,overcast clouds
548,Santa Isabel Do Rio Negro,BR,-0.4139,-65.0192,75.22,96,90,1.34,overcast clouds
549,Imbituba,BR,-28.24,-48.6703,62.85,97,0,6.96,clear sky
550,Nara,JP,34.6851,135.8049,76.5,72,100,2.06,moderate rain
551,Roebourne,AU,-20.7833,117.1333,66.79,49,0,13.65,clear sky
552,Doctor Juan Leon Mallorquin,PY,-25.4,-55.2667,67.73,94,0,5.95,clear sky
553,Bella Union,UY,-30.2752,-57.6007,55.31,80,93,6.93,overcast clouds
554,North Bend,US,43.4065,-124.2243,73.24,83,0,26.46,clear sky
555,Kasongo,CD,-4.45,26.6667,69.66,78,60,1.79,broken clouds
556,Lufilufi,WS,-13.8745,-171.5986,85.78,74,29,10.92,scattered clouds
557,Jeremie,HT,18.65,-74.1167,82.2,77,100,5.95,overcast clouds
558,Altay,CN,47.8667,88.1167,59.4,48,1,6.46,clear sky
559,Harbour Breton,CA,47.4833,-55.7983,55.62,100,100,3.71,overcast clouds
560,Pontianak,ID,-0.0333,109.3333,75.18,94,40,3.44,scattered clouds
561,Lavrentiya,RU,65.5833,-171.0,41.05,93,100,11.74,light rain
562,Bekovo,RU,52.4663,43.712,62.96,94,99,3.91,overcast clouds
563,Port-Gentil,GA,-0.7193,8.7815,73.36,88,75,11.5,broken clouds
564,Jutai,BR,-5.1833,-68.9,79.38,73,99,1.34,overcast clouds
565,Norsup,VU,-16.0667,167.3833,78.82,77,47,9.08,scattered clouds
566,Penzance,GB,50.1186,-5.5371,56.08,85,6,12.33,clear sky
567,Northport,US,33.229,-87.5772,94.12,45,40,6.91,scattered clouds
568,Farafangana,MG,-22.8167,47.8333,68.25,75,99,2.1,overcast clouds
569,Puerto Escondido,MX,15.85,-97.0667,86.83,54,75,9.22,broken clouds
570,Pacific Grove,US,36.6177,-121.9166,80.46,69,0,10.36,clear sky
571,Treinta Y Tres,UY,-33.2333,-54.3833,46.0,68,42,7.34,scattered clouds
572,Touros,BR,-5.1989,-35.4608,76.15,86,18,12.21,few clouds
573,Najran,SA,17.4924,44.1277,83.05,34,100,4.45,overcast clouds
574,Vilyuysk,RU,63.7553,121.6247,47.71,57,100,6.96,overcast clouds
575,Mago,RU,53.2514,140.1822,65.93,64,0,3.51,clear sky
576,Maracana,BR,-0.7667,-47.45,74.26,95,12,2.98,few clouds
577,Yatou,CN,37.15,122.3833,71.38,89,37,9.17,scattered clouds
578,Te Anau,NZ,-45.4167,167.7167,33.62,92,68,0.83,broken clouds
579,Tokur,RU,53.1333,132.9,58.77,69,38,3.96,scattered clouds
580,Encantado,BR,-29.2361,-51.8697,60.04,100,6,1.52,clear sky
581,Yevlax,AZ,40.6089,47.1492,73.4,49,0,7.56,clear sky
582,Maymyo,MM,22.0333,96.4667,63.79,95,98,1.97,overcast clouds
583,Saint Anthony,US,45.0205,-93.218,100.63,40,0,18.41,clear sky
584,Chingirlau,KZ,51.095,54.0814,63.73,94,84,11.7,heavy intensity rain
585,Noumea,NC,-22.2763,166.4572,71.01,99,97,8.57,overcast clouds
586,Fukue,JP,32.6881,128.8419,73.63,95,100,10.42,overcast clouds
587,Flagstaff,US,35.1981,-111.6513,83.32,10,0,3.0,clear sky
588,Walvis Bay,NA,-22.9575,14.5053,56.08,86,11,5.37,few clouds
589,Maldonado,UY,-34.6667,-54.9167,49.39,70,81,6.4,broken clouds
590,Kemijarvi,FI,66.7131,27.4306,47.53,78,88,4.03,overcast clouds
591,Redlands,US,34.0556,-117.1825,102.24,9,0,4.61,clear sky
592,Macamic,CA,48.7502,-78.9996,68.4,70,54,11.79,broken clouds
593,Huanren,CN,41.2647,125.3667,68.4,94,100,3.24,overcast clouds
594,Lichinga,MZ,-13.3128,35.2406,55.49,71,0,6.91,clear sky
595,Palu,ID,-0.8917,119.8707,73.62,93,54,3.36,broken clouds
596,Carutapera,BR,-1.195,-46.02,76.62,88,3,6.4,clear sky
597,Dryden,CA,49.7833,-92.7503,93.49,40,0,19.57,clear sky
598,Sept-Iles,CA,50.2001,-66.3821,52.32,82,75,9.22,broken clouds
599,Isiro,CD,2.7739,27.616,65.73,98,100,2.13,overcast clouds
600,Barcelona,ES,41.3888,2.159,79.77,85,20,4.61,few clouds
601,Baykit,RU,61.67,96.37,56.62,68,37,2.55,scattered clouds
602,Macedo De Cavaleiros,PT,41.5382,-6.9611,53.89,74,33,3.09,scattered clouds
603,Kathu,TH,7.9178,98.3332,84.74,86,100,9.17,overcast clouds
604,Vidim,RU,56.4088,103.1106,51.57,98,97,5.41,overcast clouds
605,Ploemeur,FR,47.7333,-3.4333,64.81,87,68,9.22,broken clouds
606,Marakkanam,IN,12.2,79.95,84.18,72,99,12.91,very heavy rain
607,Barranquilla,CO,10.9639,-74.7964,85.78,70,20,8.05,few clouds
608,Rossano,IT,39.5751,16.6349,73.76,51,0,8.52,clear sky
609,Maniitsoq,GL,65.4167,-52.9,36.09,99,100,13.38,light rain
610,Daura,NG,11.5538,11.4085,80.02,53,37,11.99,scattered clouds
611,Vrangel,RU,42.7297,133.0839,59.38,79,53,12.97,broken clouds
612,Bedesa,ET,8.9,40.7833,63.3,79,87,4.79,overcast clouds
613,Manggar,ID,-2.8833,108.2667,78.31,87,100,13.94,overcast clouds
614,Jardim,BR,-21.4803,-56.1381,73.17,68,1,3.89,clear sky
615,Tual,ID,-5.6667,132.75,81.19,75,95,11.92,overcast clouds
616,Porto Santo,PT,33.072,-16.3415,64.78,68,20,9.22,few clouds
617,Buin,CL,-33.7333,-70.75,56.05,47,100,2.48,overcast clouds
618,Mitzic,GA,0.7821,11.549,67.48,97,71,2.24,broken clouds
619,Kurilsk,RU,45.2333,147.8833,46.04,98,99,11.9,overcast clouds
620,Rocha,UY,-34.4833,-54.3333,46.85,76,77,6.13,broken clouds
621,Marang,MY,5.2056,103.2059,78.71,86,81,3.6,very heavy rain
622,Bronnoysund,NO,65.4625,12.1997,55.4,67,100,16.11,overcast clouds
623,Cayenne,GF,4.9333,-52.3333,82.09,1,75,3.44,broken clouds
624,Seoul,KR,37.5683,126.9778,69.37,94,100,2.3,fog
625,Sorland,NO,67.667,12.6934,49.86,81,100,30.67,overcast clouds
626,Qianguo,CN,45.1171,124.8568,72.16,71,34,6.58,scattered clouds
627,Maragogi,BR,-9.0122,-35.2225,75.63,83,3,8.12,clear sky
628,Batticaloa,LK,7.7102,81.6924,80.31,78,100,7.52,overcast clouds
629,Staryy Nadym,RU,65.6118,72.6842,64.15,64,100,11.25,overcast clouds
630,Alexandria,EG,31.2156,29.9553,73.36,78,20,5.75,few clouds
631,San Giuseppe Jato,IT,37.9734,13.1881,72.86,10,0,2.75,clear sky
632,Kattivakkam,IN,13.2167,80.3167,78.89,72,100,10.04,overcast clouds
633,Palmer,US,42.1584,-72.3287,78.4,34,75,11.5,broken clouds
634,Deputatskiy,RU,69.3,139.9,38.25,54,20,1.72,few clouds
635,Okha,RU,53.5739,142.9478,51.89,84,81,13.27,broken clouds
636,Longyearbyen,SJ,78.2186,15.6401,39.04,75,75,26.46,light rain
637,Cockburn Town,TC,21.4612,-71.1419,81.79,80,93,14.45,overcast clouds
638,Bowen,AU,-20.0167,148.2333,64.96,87,77,13.51,broken clouds
639,Hami,CN,42.8,93.45,78.89,23,100,9.6,overcast clouds
640,Babu,CN,24.4167,111.5167,75.0,99,100,3.2,overcast clouds
641,Sunrise,US,26.1577,-80.2861,87.03,73,40,10.36,scattered clouds
642,Talara,PE,-4.5772,-81.2719,68.76,77,0,12.66,clear sky
643,Chattanooga,US,35.0456,-85.3097,91.26,33,75,5.75,broken clouds
644,San Policarpo,PH,12.1791,125.5072,78.51,87,100,6.96,overcast clouds
645,Marsh Harbour,BS,26.5412,-77.0636,81.59,71,10,12.21,clear sky
646,Codrington,AU,-38.2667,141.9667,44.38,95,81,7.61,broken clouds
647,Sistranda,NO,63.7256,8.834,53.56,84,100,25.3,light rain
648,Sioux Lookout,CA,50.1001,-91.917,96.87,34,20,16.11,few clouds
649,Lere,NG,10.387,8.5726,70.61,80,79,5.01,broken clouds
650,Pringsewu,ID,-5.3582,104.9744,71.87,96,74,2.1,broken clouds
651,Snasa,NO,64.2457,12.3778,50.31,65,92,4.97,overcast clouds
652,Sheltozero,RU,61.3667,35.3667,47.8,86,100,7.05,overcast clouds
653,Havre-Saint-Pierre,CA,50.2334,-63.5986,53.96,66,100,11.5,overcast clouds
654,Palmas Bellas,PA,9.2319,-80.0867,79.57,86,100,4.59,overcast clouds
655,Tibati,CM,6.4667,12.6333,65.93,96,99,2.06,light rain
656,Longford,IE,53.7333,-7.8,52.0,93,47,4.36,scattered clouds
657,Lengshuijiang,CN,27.6881,111.4294,73.8,97,99,2.01,overcast clouds
658,Verkhoyansk,RU,67.5447,133.385,46.92,51,0,2.68,clear sky
659,Fort Morgan,US,40.2503,-103.8,92.05,12,0,14.97,clear sky
660,Clonakilty,IE,51.6231,-8.8706,60.01,81,49,3.89,scattered clouds
661,Broken Hill,AU,-31.95,141.4333,49.19,81,25,8.3,scattered clouds
662,Vestmannaeyjar,IS,63.4427,-20.2734,49.28,90,46,22.79,scattered clouds
663,Broome,US,42.2506,-75.833,75.54,39,0,9.22,clear sky
664,Platteville,US,42.7342,-90.4785,93.29,36,0,12.66,clear sky
665,Chicama,PE,-7.8447,-79.1469,61.34,69,33,10.8,scattered clouds
666,Lampang,TH,18.3333,99.5,78.89,99,80,1.77,broken clouds
667,Port Macquarie,AU,-31.4333,152.9167,52.9,80,64,3.94,broken clouds
668,Pafos,CY,34.7667,32.4167,73.18,83,75,9.22,broken clouds
669,Victor Harbor,AU,-35.5667,138.6167,51.67,85,9,8.72,clear sky
670,Kamaishi,JP,39.2667,141.8833,66.22,82,21,4.54,few clouds
671,Evensk,RU,61.95,159.2333,45.99,93,100,8.32,overcast clouds
672,Belmonte,BR,-15.8631,-38.8828,72.59,83,3,7.63,clear sky
673,Teotitlan,MX,18.1319,-97.0767,79.3,55,100,7.56,overcast clouds
674,Zorritos,PE,-3.6805,-80.6782,75.49,80,72,6.82,broken clouds
675,Iwanai,JP,42.9744,140.5089,64.38,75,92,4.32,overcast clouds
676,Orlovskiy,RU,46.8714,42.0592,70.7,49,0,8.32,clear sky
677,Tautira,PF,-17.7333,-149.15,78.71,78,82,14.47,light rain
678,Tilichiki,RU,60.4667,166.1,46.67,88,99,5.61,overcast clouds
679,Nong Kung Si,TH,16.65,103.3,81.82,99,72,6.73,broken clouds
680,Labuhan,ID,-6.8844,112.2051,76.51,87,97,4.7,overcast clouds
681,Hervey Bay,AU,-25.2986,152.8535,56.01,93,98,1.01,overcast clouds
682,Gobabis,NA,-22.45,18.9667,48.49,35,72,8.16,broken clouds
683,Itarema,BR,-2.9248,-39.9167,78.3,81,63,12.24,broken clouds
684,Naze,JP,28.3667,129.4833,76.12,87,83,15.55,broken clouds
685,Blackwater,AU,-23.5833,148.8833,60.08,75,100,5.19,overcast clouds
686,Coro,VE,11.4045,-69.6734,83.19,70,99,21.52,overcast clouds
687,Karacabey,TR,40.2152,28.4038,68.38,95,7,2.93,clear sky
688,Rojhan,PK,28.6868,69.9534,83.79,57,0,21.85,clear sky
689,Romilly-Sur-Seine,FR,48.5108,3.7263,64.78,70,82,12.03,broken clouds
690,Fengzhen,CN,40.4394,113.1536,72.64,46,100,5.61,moderate rain
691,Bodden Town,KY,19.2833,-81.25,86.0,70,20,11.5,few clouds
692,Robore,BO,-18.3333,-59.75,83.39,38,5,7.78,clear sky
693,Cam Ranh,VN,11.9214,109.1591,78.76,78,0,2.3,clear sky
694,Pachino,IT,36.7186,15.0907,74.01,65,0,10.63,clear sky
695,Kariba,ZW,-16.5167,28.8,59.38,55,2,7.63,clear sky
696,Zheleznodorozhnyy,RU,55.7503,38.0042,59.43,72,72,1.25,broken clouds
697,Stornoway,GB,58.2093,-6.3865,53.92,94,75,4.61,broken clouds
698,Ullapool,GB,57.8987,-5.1604,55.35,95,100,6.71,overcast clouds
699,Madingou,CG,-4.1536,13.55,74.07,71,36,4.12,scattered clouds
700,Yuzhou,CN,34.1628,113.4639,82.6,50,98,4.41,overcast clouds
701,Lhokseumawe,ID,5.1801,97.1507,77.0,86,93,4.16,overcast clouds
702,Polunochnoye,RU,60.8697,60.4153,53.04,98,99,3.15,light rain
703,Robertsport,LR,6.7533,-11.3686,80.15,74,100,8.19,overcast clouds
